Customer Query,Order Code,Description
ACB 4P 800A 65KA (3s),1SDA072894R1,E2.2H 800 Ekip Touch LI 4p WMP          
ACB 4P 800A 36KA (3s),1SDA072874R1,E2.2N 800 Ekip Touch LI 4p WMP          
ACB 4P 630A 36KA (3s),1SDA072874R1,E2.2N 800 Ekip Touch LI 4p WMP          
ACB 4P 5000A 36KA (3s),1SDA073244R1,E6.2H 5000 Ekip Touch LI 4p WMP         
ACB 4P 5000A 100KA (3s),1SDA073244R1,E6.2H 5000 Ekip Touch LI 4p WMP         
ACB 4P 400A 36KA (3s),1SDA072874R1,E2.2N 800 Ekip Touch LI 4p WMP          
ACB 4P 4000A 65KA (3s),1SDA073184R1,E4.2S 4000 Ekip Touch LI 4p WMP         
ACB 4P 3200A 65KA (3s),1SDA073124R1,E4.2N 3200 Ekip Touch LI 4p WMP         
ACB 4P 3200A 36KA (3s),1SDA073124R1,E4.2N 3200 Ekip Touch LI 4p WMP         
ACB 4P 2500A 65KA (3s),1SDA073064R1,E2.2H 2500 Ekip Touch LI 4p WMP         
ACB 4P 2500A 36KA (3s),1SDA073044R1,E2.2N 2500 Ekip Touch LI 4p WMP         
ACB 4P 2000A 65KA (3s),1SDA073034R1,E2.2H 2000 Ekip Touch LI 4p WMP         
ACB 4P 2000A 36KA (3s),1SDA073014R1,E2.2N 2000 Ekip Touch LI 4p WMP         
ACB 4P 1600A 65KA (3s),1SDA072994R1,E2.2H 1600 Ekip Touch LI 4p WMP         
ACB 4P 1600A 36KA (3s),1SDA072974R1,E2.2N 1600 Ekip Touch LI 4p WMP         
ACB 4P 1250A 65KA (3s),1SDA072954R1,E2.2H 1250 Ekip Touch LI 4p WMP         
ACB 4P 1250A 36KA (3s),1SDA072934R1,E2.2N 1250 Ekip Touch LI 4p WMP         
ACB 4P 1200A 36KA (3s),1SDA072934R1,E2.2N 1250 Ekip Touch LI 4p WMP         
ACB 4P 1000A 65KA (3s),1SDA072924R1,E2.2H 1000 Ekip Touch LI 4p WMP         
ACB 4P 1000A 36KA (3s),1SDA072904R1,E2.2N 1000 Ekip Touch LI 4p WMP         
ACB 3P 800A 36KA (3s),1SDA072244R1,E2.2N 800 Ekip Touch LI 3p WMP          
ACB 3P 2500A 65KA (3s),1SDA072434R1,E2.2H 2500 Ekip Touch LI 3p WMP         
ACB 3P 2000A 36KA (3s),1SDA072384R1,E2.2N 2000 Ekip Touch LI 3p WMP         
ACB.ACC. OFF POSITION PADLOCKING,1SDA073805R1,PLC E2.2..E6.2 Padlocks in open D=8mm   
ACB.ACC. MOTOR AC230V,1SDA073725R1,M  E2.2...E6.2 220-250 VAC/DC           
ACB.ACC. CLOSING COIL AC/DC24V,1SDA073687R1,YC E1.2..E6.2-XT7M 220-240 VAC/DC       
ACB.ACC SHUNT TRIP AC230V ,1SDA073674R1,YO E1.2..E6.2-XT7-XT7M 220-240 VAC/DC   
MCCB 85KA 3P 630A - (LSI),1SDA100563R1,XT5L 630 BREAKING PART 3p F F           
MCCB 85KA 3P 400A - (LSI),1SDA100562R1,XT5L 400 BREAKING PART 3p F F           
MCCB 85KA 3P 250A 500V (LSI),1SDA100266R1,XT4X 250 BREAKING PART 3p F F           
MCCB 85KA 3P 100A 500V (LSI),1SDA100266R1,XT4X 250 BREAKING PART 3p F F           
MCCB 70KA 3P 630A - (LSI),1SDA100495R1,XT5H 630 Ekip Dip LSI In=630 3p F F     
MCCB 70KA 3P 630A (LSI),1SDA100495R1,XT5H 630 Ekip Dip LSI In=630 3p F F     
MCCB 70KA 3P 600A (LSI),1SDA100495R1,XT5H 630 Ekip Dip LSI In=630 3p F F     
MCCB 70KA 3P 40A (LSI),1SDA067869R1,XT2H 160 Ekip LSI In=63A 3p F F         
MCCB 70KA 3P 400A - (LSI),1SDA100494R1,XT5H 400 Ekip Dip LSI In=400 3p F F     
MCCB 70KA 3P 250A (LSI),1SDA068525R1,XT4H 250 Ekip LSI In=250A 3p F F        
MCCB 70KA 3P 100A (LSI),1SDA067870R1,XT2H 160 Ekip LSI In=100A 3p F F        
MCCB 65KA 3P 250A (LSI),1SDA068525R1,XT4H 250 Ekip LSI In=250A 3p F F        
MCCB 65KA 3P 100A (LSI),1SDA067870R1,XT2H 160 Ekip LSI In=100A 3p F F        
MCCB 36KA 4P 80A (LSI),1SDA067105R1,XT2N 160 Ekip LSI In=100A 4p F F        
MCCB 36KA 4P 63A (LSI),1SDA067104R1,XT2N 160 Ekip LSI In=63A 4p F F         
MCCB 36KA 4P 250A (LSI),1SDA068157R1,XT4N 250 Ekip LSI In=250A 4p F F        
MCCB 36KA 4P 20A (LSI),1SDA067103R1,XT2N 160 Ekip LSI In=25A 4p F F         
MCCB 36KA 4P 100A (LSI),1SDA067105R1,XT2N 160 Ekip LSI In=100A 4p F F        
MCCB 36KA 3P 80A (LSI) (WIRED AS 2P),1SDA067070R1,XT2N 160 Ekip LSI In=100A 3p F F        
MCCB 36KA 3P 80A (LSI),1SDA067070R1,XT2N 160 Ekip LSI In=100A 3p F F        
MCCB 36KA 3P 63A (WIRED AS 2P) (LSI),1SDA067069R1,XT2N 160 Ekip LSI In=63A 3p F F         
MCCB 36KA 3P 63A (LSI) (WIRED AS 2P),1SDA067069R1,XT2N 160 Ekip LSI In=63A 3p F F         
MCCB 36KA 3P 63A (LSI),1SDA067069R1,XT2N 160 Ekip LSI In=63A 3p F F         
MCCB 36KA 3P 63A  (LSI),1SDA067069R1,XT2N 160 Ekip LSI In=63A 3p F F         
MCCB 36KA 3P 630A - (LSI),1SDA100359R1,XT5N 630 Ekip Dip LSI In=630 3p F F     
MCCB 36KA 3P 600A (LSI),1SDA100359R1,XT5N 630 Ekip Dip LSI In=630 3p F F     
MCCB 36KA 3P 40A (WIRED AS 2P) (LSI),1SDA067069R1,XT2N 160 Ekip LSI In=63A 3p F F         
MCCB 36KA 3P 40A (LSI) (WIRED AS 2P),1SDA067069R1,XT2N 160 Ekip LSI In=63A 3p F F         
MCCB 36KA 3P 40A (LSI),1SDA067069R1,XT2N 160 Ekip LSI In=63A 3p F F         
MCCB 36KA 3P 40A  (LSI),1SDA067069R1,XT2N 160 Ekip LSI In=63A 3p F F         
MCCB 36KA 3P 400A - (LSI),1SDA100358R1,XT5N 400 Ekip Dip LSI In=400 3p F F     
MCCB 36KA 3P 32A (LSI) (WIRED AS 2P),1SDA067069R1,XT2N 160 Ekip LSI In=63A 3p F F         
MCCB 36KA 3P 32A (LSI),1SDA067069R1,XT2N 160 Ekip LSI In=63A 3p F F         
MCCB 36KA 3P 25A (LSI) (WIRED AS 2P),1SDA067068R1,XT2N 160 Ekip LSI In=25A 3p F F         
MCCB 36KA 3P 25A (LSI),1SDA067068R1,XT2N 160 Ekip LSI In=25A 3p F F         
MCCB 36KA 3P 250A (LSI),1SDA068136R1,XT4N 250 Ekip LSI In=250A 3p F F        
MCCB 36KA 3P 20A (WIRED AS 2P) (LSI),1SDA067068R1,XT2N 160 Ekip LSI In=25A 3p F F         
MCCB 36KA 3P 20A (LSI),1SDA067068R1,XT2N 160 Ekip LSI In=25A 3p F F         
MCCB 36KA 3P 16A (LSI) (WIRED AS 2P),1SDA067068R1,XT2N 160 Ekip LSI In=25A 3p F F         
MCCB 36KA 3P 16A (LSI),1SDA067068R1,XT2N 160 Ekip LSI In=25A 3p F F         
MCCB 36KA 3P 160A (LSI),1SDA067071R1,XT2N 160 Ekip LSI In=160A 3p F F        
MCCB 36KA 3P 100A (LSI) (WIRED AS 2P),1SDA067070R1,XT2N 160 Ekip LSI In=100A 3p F F        
MCCB 36KA 3P 100A (LSI),1SDA067070R1,XT2N 160 Ekip LSI In=100A 3p F F        
MCCB 25KA 3P 63A (LSI),1SDA067069R1,XT2N 160 Ekip LSI In=63A 3p F F         
MCCB 25KA 3P 40A (LSI) (WIRED AS 2P),1SDA067069R1,XT2N 160 Ekip LSI In=63A 3p F F         
MCCB 25KA 3P 40A (LSI),1SDA067069R1,XT2N 160 Ekip LSI In=63A 3p F F         
MCCB 25KA 3P 32A (LSI) (WIRED AS 2P),1SDA067069R1,XT2N 160 Ekip LSI In=63A 3p F F         
MCCB 25KA 3P 32A (LSI),1SDA067069R1,XT2N 160 Ekip LSI In=63A 3p F F         
MCCB 25KA 3P 25A (LSI) (WIRED AS 2P),1SDA067068R1,XT2N 160 Ekip LSI In=25A 3p F F         
MCCB 25KA 3P 25A (LSI) ,1SDA067068R1,XT2N 160 Ekip LSI In=25A 3p F F         
MCCB 25KA 3P 25A (LSI),1SDA067068R1,XT2N 160 Ekip LSI In=25A 3p F F         
MCCB 25KA 3P 250A (LSI),1SDA068136R1,XT4N 250 Ekip LSI In=250A 3p F F        
MCCB 25KA 3P 100A (LSI),1SDA067070R1,XT2N 160 Ekip LSI In=100A 3p F F        
ACB.ACC SHUNT TRIP AC230V ,1SDA073674R1,YO E1.2..E6.2-XT7-XT7M 220-240 VAC/DC   
MCCB.ACC SHUNT TRIP (630A),1SDA104934R1,YO-C XT5-XT6 F/P 110..240Vac-110..250Vdc
MCCB.ACC SHUNT TRIP (320A ~ 400A),1SDA104934R1,YO-C XT5-XT6 F/P 110..240Vac-110..250Vdc
MCCB.ACC SHUNT TRIP (125A ~ 250A),1SDA066325R1,SOR-C XT1..XT4 F/P 220-240Vac-220-250Vdc
MCCB.ACC SHUNT TRIP (100A AND BELOW),1SDA066325R1,SOR-C XT1..XT4 F/P 220-240Vac-220-250Vdc
MCCB.ACC MOTOR MODULE (630A),1SDA104885R1,MOE XT5 220...250V AC/DC                
MCCB.ACC MOTOR MODULE (400A),1SDA104885R1,MOE XT5 220...250V AC/DC                
MCCB.ACC MOTOR MODULE (320A ~ 400A),1SDA104885R1,MOE XT5 220...250V AC/DC                
MCCB.ACC MOTOR MODULE (160A AND BELOW),1SDA066466R1,MOE XT2-XT4 220...250V ac/dc            
MCCB.ACC EX-ROT HANDLE (320A ~ 630A),1SDA104843R1,RHE XT5 F/P STAND. RETURNED             
MCCB.ACC EX-ROT HANDLE (125A ~ 250A),1SDA069055R1,RHE XT2-XT4 F/P STAND. RETURNED         
MCCB.ACC EX-ROT HANDLE (100A AND BELOW),1SDA069055R1,RHE XT2-XT4 F/P STAND. RETURNED         
MCCB.ACC ALARM/AUX SW (320A ~ 800A),1SDA066431R1,AUX-C 1Q+1SY 250Vac/dc XT1...XT6 F/P    
MCCB.ACC ALARM/AUX SW (125A ~ 250A),1SDA066431R1,AUX-C 1Q+1SY 250Vac/dc XT1...XT6 F/P    
MCCB.ACC ALARM/AUX SW (100A AND BELOW),1SDA066431R1,AUX-C 1Q+1SY 250Vac/dc XT1...XT6 F/P    
MCCB PADLOCK DEVICE (400A ~ 630A),1SDA105081R1,RHL XT5 KE.LO. RONIS SE.1228 RHx/FLD    
MCCB PADLOCK DEVICE (125A ~ 250A),1SDA066617R1,RHL XT1..XT4 KEY LOCK RONIS SEVERAL     
MCB 15KA 3P C20A,2CDS383001R0204,LS  S303P-C20
MCB 10KA 3P D6A (WIRED AS 2P),2CDS273001R0061,S203M-D6
MCB 10KA 3P D20A,2CDS273001R0201,S203M-D20
MCB 10KA 3P C32A (WIRED AS 2P),2CDS273001R0324,S203M-C32
MCB 10KA 3P C32A,2CDS273001R0324,S203M-C32
MCB 10KA 3P C20A,2CDS273001R0204,S203M-C20
MCB 10KA 2P D6A,2CDS272001R0061,S202M-D6
MCB 10KA 2P D32A,2CDS272001R0321,S202M-D32
MCB 10KA 2P D20A,2CDS272001R0201,S202M-D20
MCB 10KA 2P D16A,2CDS272001R0161,S202M-D16
MCB 10KA 2P C6A,2CDS272001R0064,S202M-C6
MCB 10KA 2P C40A,2CDS272001R0404,"S202M-C40 2 Pole MCB, Type C, 40A, 10KA"
MCB 10KA 2P C32A,2CDS272001R0324,S202M-C32
MCB 10KA 2P C20A,2CDS272001R0204,S202M-C20
MCB 10KA 2P C10A,2CDS272001R0104,S202M-C10
"RCCB 4P, 80A 300MA  ",2CSF204005R3800,"F204 AC-80/0,3   80A 4pole RCCB 300mA sensitivity"
"RCCB 4P, 63A 30MA  ",2CSF204005R1630,"F204 AC-63/0,03  63A 4pole RCCB 30mA sensitivity"
"RCCB 4P, 63A 300MA  ",2CSF204005R3630,"F204 AC-63/0,3  63A 4pole RCCB 300mA sensitivity"
"RCCB 4P, 40A 300MA  ",2CSF204005R3400,"F204 AC-40/0,3  40A 4pole RCCB 300mA sensitivity"
"RCCB 4P, 25A 30MA  ",2CSF204005R1250,"F204 AC-25/0,03                         "
"RCCB 4P, 25A 300MA  ",2CSF204005R3250,"F204 AC-25/0,3                          "
"RCCB 4P, 100A 300MA  ",2CSF204023R3900,"F204AC-100/0,3"
"RCCB 2P, 63A 300MA  ",2CSF202005R3630,"F202 AC-63/0,3                          "
"RCCB 2P, 40A 300MA  ",2CSF202005R3400,"F202 AC-40/0,3                          "
"RCCB 2P, 25A 30MA  ",2CSF202005R1250,"F202 AC-25/0,03                         "
"RCCB 2P, 25A 300MA  ",2CSF202005R3250,"F202 AC-25/0,3                          "
CONTACTOR 220V AC1 4P 200A,1SFL447101R1300,Contactor#AF140-40-00-13#100-250V
TIME DELAY RELAY,1SVR500020R0000,"CT-MFD.12 Time relay, multifunction"
MCCB 400A 3P 50KA,1SDA054333R1,T5S 400 PR221DS-LS/I In=400 3p F F
MCCB 400A 3P 36KA,1SDA054317R1,T5N 400 PR221DS-LS/I In=400 3p F F
MCCB  80A  4P  36KA (BYPASS),1SDA067423R1,XT1N 160 TMD 80-800 4p F F
MCCB  80A  3P  36KA,1SDA067415R1,XT1N 160 TMD 80-800 3p F F
MCCB  63A  4P  36KA,1SDA067422R1,XT1N 160 TMD 63-630 4p F F
MCCB  63A  4P  25KA,1SDA067404R1,XT1C 160 TMD 63-630 4p F F
MCCB  63A  3P  36KA,1SDA067414R1,XT1N 160 TMD 63-630 3p F F
MCCB  630A  3P  36KA,1SDA054396R1,T5N 630 PR221DS-LS/I In=630 3p F F
MCCB  40A  3P  36KA,1SDA067412R1,XT1N 160 TMD 40-450 3p F F
MCCB  32A  3P  36KA,1SDA067411R1, 
MCCB  25A  3P  25KA,1SDA067391R1,XT1C 160 TMD 25-450 3p F F
MCCB  250A  3P  36KA,1SDA068059R1,XT3N 250 TMD 250-2500 3p F F
MCCB  20A  3P  36KA,1SDA080828R1,XT1N 160 TMF 20-450 3p F F
MCCB  200A  3P  36KA,1SDA068058R1,XT3N 250 TMD 200-2000 3p F F
MCCB  160A  3P  50KA,1SDA067560R1,XT2S 160 TMA 160-1600 3p F F
MCCB  160A  3P  36KA,1SDA067418R1,XT1N 160 TMD 160-1600 3p F F
MCCB  125A  3P  36KA,1SDA067417R1,XT1N 160 TMD 125-1250 3p F F
MCCB  10A  3P  25KA,1SDA080825R1,XT1C 160 TMD 16-450 3p F F
MCCB  100A  4P  36KA,1SDA067424R1,XT1N 160 TMD 100-1000 4p F F
MCCB  100A  4P  25KA,1SDA067406R1,XT1C 160 TMD 100-1000 4p F F
MCCB  100A  3P  36KA,1SDA067416R1,XT1N 160 TMD 100-1000 3p F F
MCCB.ACC SHUNT TRIP (630A),1SDA054873R1,SOR-C T4-T5-T6 220..240Vac - 220..250Vdc
MCCB.ACC SHUNT TRIP (500A),1SDA054873R1,SOR-C T4-T5-T6 220..240Vac - 220..250Vdc
MCCB.ACC SHUNT TRIP (160A ~ 250A),1SDA066325R1,SOR-C XT1..XT4 F/P 220-240Vac-220-250Vdc
MCCB.ACC SHUNT TRIP (100A AND BELOW),1SDA066325R1,SOR-C XT1..XT4 F/P 220-240Vac-220-250Vdc
MCCB.ACC AUX SW (320A ~ 800A),1SDA054873R1,SOR-C T4-T5-T6 220..240Vac - 220..250Vdc
MCCB.ACC AUX SW (125A ~ 250A),1SDA066325R1,SOR-C XT1..XT4 F/P 220-240Vac-220-250Vdc
MCCB.ACC AUX SW (100A AND BELOW),1SDA066431R1,AUX-C 1Q+1SY 250Vac/dc XT1...XT6 F/P
MCB  D50A  3P  10KA,2CDS273001R0501,S203M-D 50 Miniature Circuit Breaker D-C
MCB  D40A  3P  10KA,2CDS253001R0401,S203-D40 Miniature Circuit Breaker D-Cha
MCB  D32A  3P  10KA,2CDS253001R0321,S203-D32 Miniature Circuit Breaker D-Cha
MCB  D25A  3P  10KA,2CDS273001R0251, 
MCB  D20A  3P  10KA,2CDS253001R0201,S203-D20 Miniature 6KA
MCB  D16A  3P  10KA,2CDS253001R0161,S203-D16 Miniature Circuit Breaker D-Cha
MCB  C63A  3P  10KA (FOR SA),2CDS253001R0634,S203-C 63 Miniature Circuit Breaker C-Ch
MCB  C63A  3P  10KA,2CDS252001R0634,S202-C 63 Miniature Circuit Breaker C-Ch
MCB  C50A  3P  10KA,2CDS273001R0504,"S203M-C 50 Mini Circuit Breaker C-Char.,"
MCB  C40A  3P  10KA,2CDS253001R0404,S203-C 40 Miniature Circuit Breaker C-Ch
MCB  C32A  3P  10KA,2CDS253001R0324,S203-C 32 Miniature Circuit Breaker C-Ch
MCB  C32A  1P  10KA,2CDS251001R0324,S201-C 32 Miniature Circuit Breaker C-Ch
MCB  C25A  3P  10KA,2CDS253001R0254,S203-C 25 Miniature Circuit Breaker C-Ch
MCB  C25A  2P  10KA,2CDS272001R0254,"S202M-C 25 Mini Circuit Breaker C-Char.,"
MCB  C20A  3P  10KA,2CDS253001R0204,S203-C 20 Miniature Circuit Breaker C-Ch
MCB  C20A  2P  10KA,2CDS272001R0204,"S202M-C 20 Mini Circuit Breaker C-Char.,"
MCB  C20A  1P  10KA,2CDS251001R0204,S201-C 20 Miniature Circuit Breaker C-Ch
MCB  C16A  3P  10KA,2CDS273001R0164,S203M-C16
MCB  C16A  2P  10KA,2CDS272001R0164,"S202M-C 16 Mini Circuit Breaker C-Char.,"
MCB  C16A  1P  10KA,2CDS251001R0164,S201-C 16 Miniature Circuit Breaker C-Ch
MCB  C10A  1P  10KA,2CDS251001R0104,S201-C 10 Miniature Circuit Breaker C-Ch
MCB  C 6A  1P  6KA,2CDS251001R0064,S201-C 6 Miniature Circuit Breaker C-Cha
MCB  B10A  2P  10KA,2CDS252001R0105,S202-B 10 Miniature Circuit Breaker B-Ch
Electric Valve (By others),2CDS252001R0105,S202-B 10 Miniature Circuit Breaker B-Ch
RCCB  40A  4P  30MA,2CSF204005R1400,"RCCB, F204 AC-40/0,03 IEC -"
RCCB  40A  4P  300MA,2CSF204005R3400,"RCCB, F204 AC-40/0,3 IEC -"
RCCB  40A  4P  100MA,2CSF204005R2400,"RCCB,  F204 AC-40/0.1, 40A, 4POLE"
RCCB  40A  2P  100MA,2CSF202005R2400,"RCCB, F202 AC-40/0,1 IEC"
RCCB  25A  4P  30MA,2CSF204005R1250,"F204 AC-25/0,03 IEC  RCCB,"
RCCB  25A  4P  100MA,2CSF204005R2250,"F204 AC-25/0,1 IEC - Resid. Current Dev"
RCCB  25A  2P  30MA,2CSF202005R1250,"F202 AC-25/0,03 IEC Residual Current Cir"
RCCB  16A  2P  30MA,2CSF202005R1250,"F202 AC-25/0,03 IEC Residual Current Cir"
RCCB  10A  2P  100MA,2CSF202005R2250,"F202 AC-25/0,1 IEC - Resid. Current Dev"
LOAD BREAK SWITCH 4P 200A,1SCA022713R4930,OT200E04P SWITCH-DISCONNECTOR
LOAD BREAK SWITCH 4P 160A,1SCA120518R1001,OT160EV04 SWITCH-DISCONNECTOR
ISOLATOR 4P 80A  ,2CDE284001R0080,Isolator E204/80r
ISOLATOR 4P 63A ,2CDD274111R0063,"SHD204/63 Switch Disconnector 4P, 63A"
ISOLATOR 4P 50A ,2CDD274111R0050,"SHD204/50 Switch Disconnector 4P, 50A"
ISOLATOR 4P 40A ,2CDD274111R0040,"SHD204/40 Switch Disconnector 4P, 40A"
ISOLATOR 4P 32A ,2CDD274111R0032,"SHD204/32 Switch Disconnector 4P, 32A"
ISOLATOR 4P 20A ,2CDD274111R0025,"SHD204/25 Switch Disconnector 4P, 25A"
ISOLATOR 3P 5A ,2CDD274111R0016,"SHD204/16 Switch Disconnector 4P, 16A"
ISOLATOR 3P 40A ,2CDD273111R0040,"SHD203/40 Switch Disconnector 3P, 40A"
ISOLATOR 3P 1A ,2CDD273111R0016,"SHD203/16 Switch Disconnector 3P, 16A"
ISOLATOR 3P 16A ,2CDD273111R0016,"SHD203/16 Switch Disconnector 3P, 16A"
ISOLATOR 3P 12A ,2CDD273111R0016,"SHD203/16 Switch Disconnector 3P, 16A"
CONTACTOR.ACC AUX CONTACTS 1NO,1SBN019010R1010,CA5X-10
CONTACTOR.ACC AUX CONTACTS 1NC,1SBN019010R1001,CA5X-01
"CONTACTOR MINI TYPE CONTACTOR 3P, 20A",GJL1211001R8100,B6-30-10-80 Mini Contactor 220-240V 40-4
CONTACTOR.ACC AUX CONTACTS 1NO+1NC,1SBN019010R1001,CA5X-01
"CONTACTOR 3P 415V 9A, 4 KW",1SBL901074R8010,AX09-30-10-80
"CONTACTOR 3P 415V 18A, 7.5 KW",1SBL921074R8010,AX18-30-10-80
0.17A ? 0.23A THERMAL OVERLOAD RELAY,1SAZ211201R2009,TA25DU-0.25M Thermal Overload Relay
0.10A ? 0.13A THERMAL OVERLOAD RELAY,1SAZ211201R2009,TA25DU-0.25M Thermal Overload Relay
STAR CONTACTOR FOR 7.5KW,1SBL901074R8110,AX09-30-10-81
MAIN CONTACTOR FOR 7.5KW,1SBL901074R8110,AX09-30-10-81
DELTA CONTACTOR FOR 7.5KW,1SBL901074R8110,AX09-30-10-81
0.10A ? 0.13A THERMAL OVERLOAD RELAY,1SAZ211201R2009,TA25DU-0.25M Thermal Overload Relay
ACB 800A 4P 50KA (1s),1SDA072885R1,E2.2S 800 Ekip Touch LSI 4p WMP 
ACB 1600A 4P 50KA (1s),1SDA072985R1,E2.2S 1600 Ekip Touch LSI 4p WMP
ACB 1250A 4P 50KA (1s),1SDA072945R1,E2.2S 1250 Ekip Touch LSI 4p WMP
ACB 1000A 4P 50KA (1s),1SDA072915R1,E2.2S 1000 Ekip Touch LSI 4p WMP
ACB.ACC SHUNT TRIP COIL (SHT),1SDA073675R1,YO E1.2..E6.2-XT7-XT7M 240-250 VAC/DC 
ACB.ACC CASTELL KEY LOCK,1SDA073797R1,KLC-A Key lock open Castell E2.2...E6.2 
ACB.ACC MOTOR,1SDA073732R1,M E2.2...E6.2 220-250 VAC/DC + MC 24V 
ACB.ACC CLOSING COIL (SHT),1SDA073687R1,YC E1.2..E6.2-XT7M 220-240 VAC/DC 
MCCB 400A 4P 50KA Ekip Dip LSI ,1SDA100470R1,XT5S 400 Ekip Dip LSI In=400 4p F F 
MCCB 400A 4P 36KA Ekip Dip LSI ,1SDA100400R1,XT5N 400 Ekip Dip LSI In=400 4p F F 
MCCB  630A  3P  50KA Ekip Dip LSI,1SDA100429R1,XT5S 630 Ekip Dip LSI In=630 3p F F 
MCCB 400A 3P 50KA Ekip Dip LSI ,1SDA100428R1,XT5S 400 Ekip Dip LSI In=400 3p F F 
MCCB  80A  3P  50KA,1SDA067433R1,XT1S 160 TMD 80-800 3p F F
MCCB  63A  3P  50KA,1SDA067432R1,XT1S 160 TMD 63-630 3p F F
MCCB  40A  3P  50KA,1SDA080834R1,XT1S 160 TMD 40-450 3p F F
MCCB  200A  3P  50KA,1SDA068220R1,XT3S 250 TMD 200-2000 3p F F
MCCB  160A  3P  50KA,1SDA067436R1,XT1S 160 TMD 160-1600 3p F F
MCCB  100A  3P  50KA,1SDA067434R1,XT1S 160 TMD 100-1000 3p F F
MCCB  80A  3P  36KA,1SDA067415R1,XT1N 160 TMD 80-800 3p F F
MCCB  63A  3P  36KA,1SDA067414R1,XT1N 160 TMD 63-630 3p F F
MCCB  40A  3P  36KA,1SDA067412R1,XT1N 160 TMD 40-450 3p F F
MCCB  200A  3P  36KA,1SDA068058R1,XT3N 250 TMD 200-2000 3p F F
MCCB  160A  3P  36KA,1SDA067418R1,XT1N 160 TMD 160-1600 3p F F
MCCB  100A  3P  36KA,1SDA067416R1,XT1N 160 TMD 100-1000 3p F F
MCCB  20A  3P  36KA,1SDA067411R1,XT1N 160 TMD 32-450 3p F F
MCCB 400A 3P 36KA Ekip Dip LSI ,1SDA100358R1,XT5N 400 Ekip Dip LSI In=400 3p F F 
MCCB 320A 3P 36KA Ekip Dip LSI ,1SDA100357R1,XT5N 400 Ekip Dip LSI In=320 3p F F 
MCCB.ACC SHUNT TRIP (100A AND BELOW),1SDA066325R1,SOR-C XT1..XT4 F/P 220-240Vac-220-250Vdc
MCCB.ACC SHUNT TRIP (320A ~ 400A),1SDA104934R1,YO-C XT5-XT6 F/P 110..240Vac-110..250Vdc
MCCB.ACC SHUNT TRIP (630A),1SDA104934R1,YO-C XT5-XT6 F/P 110..240Vac-110..250Vdc
MCCB.ACC EX-ROT HANDLE (100A AND BELOW),1SDA066479R1,RHE XT1-XT3 F/P STAND. RETURNED 
MCCB.ACC EX-ROT HANDLE (125A ~ 250A),1SDA069055R1,RHE XT2-XT4 F/P STAND. RETURNED 
MCCB.ACC EX-ROT HANDLE (320A ~ 630A),1SDA104843R1,RHE XT5 F/P STAND. RETURNED 
MCCB PADLOCK DEVICE (400A ~ 630A),1SDA105099R1,PLL XT5 PADLOCKS DEVICE OPEN
MCCB.ACC UVT 220-240 (320A ~ 630A),1SDA104958R1,YU-C XT5-XT6 F/P 220..240Vac-220..250Vdc
MCCB.ACC AUX SW (100A AND BELOW),1SDA066431R1,AUX-C 1Q+1SY 250Vac/dc XT1...XT6 F/P
MCCB.ACC AUX SW (125A ~ 250A),1SDA066431R1,AUX-C 1Q+1SY 250Vac/dc XT1...XT6 F/P
MCCB.ACC AUX SW (320A ~ 800A),1SDA066431R1,AUX-C 1Q+1SY 250Vac/dc XT1...XT6 F/P
MCCB.ACC SHUNT TRIP (160A ~ 250A),1SDA066325R1,SOR-C XT1..XT4 F/P 220-240Vac-220-250Vdc
MCB 10KA 2P B20A,2CDS274001R0205,S204M-B20
MCB  C100A  4P  10KA,2TAZ190400R0824,SH804-C100
MCB  B 6A  4P  10KA,2CDS274001R0065,S204M-B6
MCB  C80A  3P  10KA,2TAZ190300R0804,SH803-C80
MCB  C63A  3P  10KA,2CDS273001R0634,S203M-C63
MCB  C40A  3P  10KA,2CDS273001R0404,S203M-C40
MCB  C32A  3P  10KA,2CDS273001R0324,S203M-C32
MCB  C20A  3P  10KA,2CDS273001R0204,S203M-C20
MCB  C100A  3P  10KA,2TAZ190300R0824,SH803-C100
MCB  B 6A  3P  10KA,2CDS273001R0065,S203M-B6
MCB  B63A  3P  10KA,2CDS273001R0635,S203M-B63
MCB  B40A  3P  10KA,2CDS273001R0405,S203M-B40
MCB  B32A  3P  10KA,2CDS273001R0325,S203M-B32
MCB  B20A  3P  10KA,2CDS273001R0205,S203M-B20
MCB  C32A  2P  10KA,2CDS272001R0324,S202M-C32
MCB  C20A  2P  10KA,2CDS272001R0204,S202M-C20
MCB  B 6A  2P  10KA,2CDS272001R0064,S202M-C6
MCB  B63A  2P  10KA,2CDS272001R0635,S202M-B63
MCB  B40A  2P  10KA,2CDS272001R0405,S202M-B40
MCB  B32A  2P  10KA,2CDS272001R0325,S202M-B32
MCB  B16A  2P  10KA,2CDS272001R0165,S202M-B16
MCB  B32A  1P  10KA,2CDS271001R0325,S201M-B32
MCB  B20A  1P  10KA,2CDS271001R0205,S201M-B20
MCB  B16A  1P  10KA,2CDS271001R0165,S201M-B16
MCB  B10A  1P  10KA,2CDS271001R0105,S201M-B10
MCB  C32A  4P  10KA,2CDS274001R0324,S204M-C32 4Pole 32A C-curve MCB Icn 10kA Icu 15kA 
MCB  C80A  2P  10KA,2TAZ190200R0804,SH802-C80
MCB  C63A  4P  10KA,2CDS274001R0634,S204M-C63 4Pole 63A C-curve MCB Icn 10kA Icu 15kA 
MCB  C63A  2P  10KA,2CDS272001R0634,S202M-C63
MCB  C10A  1P  10KA,2CDS271001R0104,S201M-C10
MCB  C20A  1P  10KA,2CDS271001R0204,S201M-C20
MCB  C40A  2P  10KA,2CDS272001R0404,"S202M-C40 2 Pole MCB, Type C, 40A, 10KA"
MCB.ACC AUX CONTACT 1NO / 1NC (63A AND BELOW),2CDS200912R0001,S2C-H6R On/Off Auxilliary Contact
MCB.ACC SHUNT TRIP (63A AND BELOW),2CDS200909R0002,S2C-A2 Shunt Trip110VAC?415VAC. 110VDC?250VDC
RCCB  63A  4P  30MA,2CSF204005R1630,"F204 AC-63/0,0363A 4pole RCCB 30mA sensitivity"
RCCB  63A  4P  100MA,2CSF204005R2630,"F204 AC-63/0,1 63A 4pole RCCB 100mA sensitivity"
RCCB  40A  4P  30MA,2CSF204005R1400,"F204 AC-40/0,03 "
RCCB  40A  4P  100MA,2CSF204005R2400,"F204 AC-40/0,1 40A 4pole RCCB 100mA sensitivity"
RCCB  63A  2P  30MA,2CSF202005R1630,"F202 AC-63/0,03 "
RCCB  40A  2P  30MA,2CSF202005R1400,"F202 AC-40/0,03 "
RCCB  40A  2P  100MA,2CSF202005R2400,"F202 AC-40/0,1"
RCCB  100A  2P  30MA,2CSF202005R1900,"F202 AC-100/0,03"
ISOLATOR 2P 63A,2CDD272111R0063,SHD202/63 Switch Disconnector
ISOLATOR 2P 32A,2CDD272111R0032,SHD202/32 Switch Disconnector
ISOLATOR 1P 32A,2CDD271111R0032,SHD201/32 Switch Disconnector
ISOLATOR 2P  80A  ,2CDE282001R1080,E202/80G DinRail 2Pole Isolator 80A Grey Toggle
ISOLATOR 4P 63A ,2CDD274111R0063,SHD204/63 Switch Disconnector
ISOLATOR 4P 125A ,2CDE284001R1125,E204/125G DinRail 4Pole Isolator 125A Grey Toggle
"CONTACTOR MINI TYPE CONTACTOR 3P, 20A",GJL1211001R8100,B6-30-10-80 Mini Contactor
"CONTACTOR (AC-1) 3P 415V 45A, 11 kW",1SBL237001R1300,Contactor AF26-30-00-13 100-250V AC/DC
"CONTACTOR (AC-1) 3P 415V 30A, 7.5 kW",1SBL177001R1301,Contactor AF16-30-01-13 100-250V AC/DC
SURGE ARRESTER T1+2 3+N  80KA,2CTB815710R1900,OVR T1-T2 3N 12.5-275s PQSType1+2 OVR Iimp 12.5kA TT 230/400VAC 3Ph+N networks
SURGE ARRESTER T2 3+N 40KA,2CTB803973R1100,OVR T2 3N 40-275 P QS Type 2 T2 OVR Imax 40kA TT 230/400VAC 3Ph+N networks
SURGE ARRESTER T2 1+N 40KA,2CTB803982R1100,OVR T2 1N 40-350 P QS Imax 40kA SinglePhase 1Live1Neutral 1PE connection
"key lock, 1 lock, 1 key ",1SDA073802R1,PLC E1.2-XT7M Padlocks open pos. D=8mm
ACB SHUNT TRIP 630~3200A,1SDA073674R1,YO E1.2..E6.2-XT7-XT7M 220-240 VAC/DC 
ACB SHUNT TRIP ,1SDA073674R1,YO E1.2..E6.2-XT7-XT7M 220-240 VAC/DC 
ACB 6300A 4P 85KA Drawer Type,1SDA073361R1,E6.2H/f 6300 Ekip Dip LI 4p WMP 
ACB 5000A 4P 80KA Drawer Type,1SDA073331R1,E6.2H/f 5000 Ekip Dip LI 4p WMP 
ACB 4000A 4P 65KA Drawer Type,1SDA073173R1,E4.2N 4000 Ekip Dip LSIG 4p WMP 
ACB 3200A 4P 80KA Drawer Type,1SDA073123R1,E4.2N 3200 Ekip Dip LSIG 4p WMP 
ACB 3200A 4P 75KA Drawer Type,1SDA073123R1,E4.2N 3200 Ekip Dip LSIG 4p WMP 
ACB 3200A 4P 65KA Drawer Type,1SDA073123R1,E4.2N 3200 Ekip Dip LSIG 4p WMP 
ACB 2000A 4P 80KA Drawer Type,1SDA073013R1,E2.2N 2000 Ekip Dip LSIG 4p WMP 
ACB 2000A 4P 65KA Drawer Type,1SDA073013R1,E2.2N 2000 Ekip Dip LSIG 4p WMP 
ACB 1600A 4P 85KA Drawer Type,1SDA072973R1,E2.2N 1600 Ekip Dip LSIG 4p WMP 
ACB 1600A 4P 80KA Drawer Type,1SDA072973R1,E2.2N 1600 Ekip Dip LSIG 4p WMP 
ACB 1600A 4P 75KA Drawer Type,1SDA072973R1,E2.2N 1600 Ekip Dip LSIG 4p WMP 
ACB 1600A 4P 50KA Drawer Type,1SDA072973R1,E2.2N 1600 Ekip Dip LSIG 4p WMP 
ACB 1600A 4P 100KA Drawer Type,1SDA072973R1,E2.2N 1600 Ekip Dip LSIG 4p WMP 
ACB 1000A 4P 80KA Drawer Type,1SDA072903R1,E2.2N 1000 Ekip Dip LSIG 4p WMP 
ACB 1000A 4P 75KA Manual Type,1SDA072903R1,E2.2N 1000 Ekip Dip LSIG 4p WMP 
ACB 1000A 4P 65KA Drawer Type,1SDA072903R1,E2.2N 1000 Ekip Dip LSIG 4p WMP 
ACB 1000A 4P 50KA Drawer Type,1SDA072901R1,E2.2N 1000 Ekip Dip LI 4p WMP 
"2500-7500 key lock, 1 lock, 1 key ",1SDA073802R1,PLC E1.2-XT7M Padlocks open pos. D=8mm
MTS 4P 80A,1SCA105418R1001,OT80F4C
MTS 4P 63A,1SCA105369R1001,OT63F4C
MTS 4P 400A,1SCA022771R8680,OT400E04CP
MTS 4P 32A,1SCA105369R1001,OT63F4C
MTS 4P 250A,1SCA022775R4640,OT250E04CP
MTS 4P 160A,1SCA022775R9440,OT160E04CP
ATS 4P 3200A  ,1SCA129158R1001,OT3200E04CP
2000A 4P AUTO CHANGEOVER CONTACTOR (ATS),1SCA103912R1001,OT2000E04CP
1600A 4P AUTO CHANGEOVER CONTACTOR (ATS),1SCA153622R1001,OXB1600E3S2QB
1000A 4P AUTO CHANGEOVER CONTACTOR (ATS),1SCA153577R1001,OXB1000E3S2QB
MCCB  85KA 3P 63A,1SDA067450R1,XT1H 160 TMD 63-630 3p F F
MCCB  85KA 3P 630A,1SDA100487R1,XT5H 630 TMA 630-6300 3p F F
MCCB  85KA 3P 400A,1SDA100485R1,XT5H 400 TMA 400-4000 3p F F
MCCB  85KA 3P 350A,1SDA100485R1,XT5H 400 TMA 400-4000 3p F F
MCCB  85KA 3P 250A,1SDA068345R1,XT4H 250 TMA 250-2500 3p F F
MCCB  85KA 3P 200A,1SDA068343R1,XT4H 250 TMA 200-2000 3p F F
MCCB  85KA 3P 160A,1SDA067454R1,XT1H 160 TMD 160-1600 3p F F
MCCB  85KA 3P 125A,1SDA067453R1,XT1H 160 TMD 125-1250 3p F F
MCCB  85KA 3P 100A,1SDA067452R1,XT1H 160 TMD 100-1000 3p F F
MCCB  80KA 3P 800A,1SDA100762R1,XT6H 800 TMA 800-8000 3p F F
MCCB  80KA 3P 630A,1SDA100487R1,XT5H 630 TMA 630-6300 3p F F
MCCB  80KA 3P 400A,1SDA100485R1,XT5H 400 TMA 400-4000 3p F F
MCCB  80KA 3P 350A,1SDA100485R1,XT5H 400 TMA 400-4000 3p F F
MCCB  80KA 3P 250A,1SDA068345R1,XT4H 250 TMA 250-2500 3p F F
MCCB  80KA 3P 200A,1SDA068343R1,XT4H 250 TMA 200-2000 3p F F
MCCB  80KA 3P 100A,1SDA067452R1,XT1H 160 TMD 100-1000 3p F F
MCCB  70KA 3P 800A,1SDA100762R1,XT6H 800 TMA 800-8000 3p F F
MCCB  70KA 3P 630A,1SDA100487R1,XT5H 630 TMA 630-6300 3p F F
MCCB  70KA 3P 400A,1SDA100485R1,XT5H 400 TMA 400-4000 3p F F
MCCB  70KA 3P 350A,1SDA100484R1,XT5H 400 TMA 320-3200 3p F F
MCCB  70KA 3P 250A,1SDA068345R1,XT4H 250 TMA 250-2500 3p F F
MCCB  70KA 3P 200A,1SDA068343R1,XT4H 250 TMA 200-2000 3p F F
MCCB  70KA 3P 160A,1SDA067454R1,XT1H 160 TMD 160-1600 3p F F
MCCB  70KA 3P 100A,1SDA067452R1,XT1H 160 TMD 100-1000 3p F F
MCCB  65KA 3P 800A,1SDA100762R1,XT6H 800 TMA 800-8000 3p F F
MCCB  65KA 3P 63A,1SDA067450R1,XT1H 160 TMD 63-630 3p F F
MCCB  65KA 3P 630A,1SDA100487R1,XT5H 630 TMA 630-6300 3p F F
MCCB  65KA 3P 40A,1SDA080839R1,XT1H 160 TMD 40-450 3p F F
MCCB  65KA 3P 400A,1SDA100485R1,XT5H 400 TMA 400-4000 3p F F
MCCB  65KA 3P 350A,1SDA100485R1,XT5H 400 TMA 400-4000 3p F F
MCCB  65KA 3P 250A,1SDA068345R1,XT4H 250 TMA 250-2500 3p F F
MCCB  65KA 3P 200A,1SDA068343R1,XT4H 250 TMA 200-2000 3p F F
MCCB  65KA 3P 160A,1SDA067454R1,XT1H 160 TMD 160-1600 3p F F
MCCB  65KA 3P 125A,1SDA067453R1,XT1H 160 TMD 125-1250 3p F F
MCCB  65KA 3P 100A,1SDA067452R1,XT1H 160 TMD 100-1000 3p F F
MCCB  50KA 4P 630A,1SDA100459R1,XT5S 630 TMA 630-6300 4p F F InN=100%In 
MCCB  50KA 3P 80A,1SDA067433R1,XT1S 160 TMD 80-800 3p F F
MCCB  50KA 3P 63A,1SDA067432R1,XT1S 160 TMD 63-630 3p F F
MCCB  50KA 3P 630A,1SDA100417R1,XT5S 630 TMA 630-6300 3p F F
MCCB  50KA 3P 400A,1SDA100455R1,XT5S 400 TMA 400-4000 4p F F InN=100%In 
MCCB  50KA 3P 250A,1SDA068221R1,XT3S 250 TMD 250-2500 3p F F
MCCB  50KA 3P 200A,1SDA068220R1,XT3S 250 TMD 200-2000 3p F F
MCCB  50KA 3P 160A,1SDA067436R1,XT1S 160 TMD 160-1600 3p F F
MCCB  50KA 3P 125A,1SDA067435R1,XT1S 160 TMD 125-1250 3p F F
MCCB  50KA 3P 100A,1SDA067434R1,XT1S 160 TMD 100-1000 3p F F
MCCB  36KA 4P C100A,1SDA067424R1,XT1N 160 TMD 100-1000 4p F F
MCCB  36KA 4P B125A,1SDA067427R1,XT1N 160 TMD 125-1250 4p F F InN=100%
MCCB  36KA 4P 80A,1SDA067423R1,XT1N 160 TMD 80-800 4p F F
MCCB  36KA 4P 800A,1SDA100731R1,XT6N 800 TMA 800-8000 4p F F InN=100%In 
MCCB  36KA 4P 63A,1SDA067422R1,XT1N 160 TMD 63-630 4p F F
MCCB  36KA 4P 630A,1SDA100389R1,XT5N 630 TMA 630-6300 4p F F InN=100%In 
MCCB  36KA 4P 40A,1SDA067412R1,XT1N 160 TMD 40-450 3p F F
MCCB  36KA 4P 400A,1SDA100385R1,XT5N 400 TMA 400-4000 4p F F InN=100%In 
MCCB  36KA 4P 350A,1SDA100385R1,XT5N 400 TMA 400-4000 4p F F InN=100%In 
MCCB  36KA 4P 250A,1SDA068111R1,XT4N 250 TMA 250-2500 4p F F InN=100%
MCCB  36KA 4P 200A,1SDA068109R1,XT4N 250 TMA 200-2000 4p F F InN=100%
MCCB  36KA 4P 160A,1SDA067428R1,XT1N 160 TMD 160-1600 4p F F InN=100%
MCCB  36KA 4P 125A,1SDA067417R1,XT1N 160 TMD 125-1250 3p F F
MCCB  36KA 4P 100A,1SDA067416R1,XT1N 160 TMD 100-1000 3p F F
MCCB  36KA 3P 80A,1SDA067415R1,XT1N 160 TMD 80-800 3p F F
MCCB  36KA 3P 63A,1SDA067414R1,XT1N 160 TMD 63-630 3p F F
MCCB  36KA 3P 630A,1SDA100347R1,XT5N 630 TMA 630-6300 3p F F
MCCB  36KA 3P 40A,1SDA067412R1,XT1N 160 TMD 40-450 3p F F
MCCB  36KA 3P 400A,1SDA100345R1,XT5N 400 TMA 400-4000 3p F F
MCCB  36KA 3P 350A,1SDA100345R1,XT5N 400 TMA 400-4000 3p F F
MCCB  36KA 3P 32A,1SDA067411R1,XT1N 160 TMD 32-450 3p F F
MCCB  36KA 3P 250A,1SDA068092R1,XT4N 250 TMA 250-2500 3p F F
MCCB  36KA 3P 20A,1SDA080828R1,XT1N 160 TMF 20-450 3p F F
MCCB  36KA 3P 200A,1SDA068090R1,XT4N 250 TMA 200-2000 3p F F
MCCB  36KA 3P 160A,1SDA067418R1,XT1N 160 TMD 160-1600 3p F F
MCCB  36KA 3P 125A,1SDA067417R1,XT1N 160 TMD 125-1250 3p F F
MCCB  36KA 3P 100A,1SDA067416R1,XT1N 160 TMD 100-1000 3p F F
MCCB  36KA 2P 80A,1SDA067415R1,XT1N 160 TMD 80-800 3p F F
MCCB  36KA 2P 250A,1SDA068092R1,XT4N 250 TMA 250-2500 3p F F
MCCB  36KA 2P 100A,1SDA067416R1,XT1N 160 TMD 100-1000 3p F F
MCCB  36KA 1P 80A,1SDA067415R1,XT1N 160 TMD 80-800 3p F F
MCCB  36KA 1P 63A,1SDA067414R1,XT1N 160 TMD 63-630 3p F F
MCCB  36KA 1P 40A,1SDA067412R1,XT1N 160 TMD 40-450 3p F F
MCCB  36KA 1P 32A,1SDA067411R1,XT1N 160 TMD 32-450 3p F F
MCCB  36KA 1P 100A,1SDA067416R1,XT1N 160 TMD 100-1000 3p F F
MCCB  25KA 4P 160A,1SDA067400R1,XT1C 160 TMD 25-450 4p F F
MCCB  25KA 3P 80A,1SDA067396R1,XT1C 160 TMD 80-800 3p F F
MCCB  25KA 3P 63A,1SDA067395R1,XT1C 160 TMD 63-630 3p F F
MCCB  25KA 3P 40A,1SDA067393R1,XT1C 160 TMD 40-450 3p F F
MCCB  25KA 3P 350A   ,1SDA100345R1,XT5N 400 TMA 400-4000 3p F F
MCCB  25KA 3P 16A,1SDA080825R1,XT1C 160 TMD 16-450 3p F F
MCCB  25KA 3P 125A,1SDA067398R1,XT1C 160 TMD 125-1250 3p F F
MCB  10KA 3P 160A   ,1SDA066809R1,XT1B 160 TMD 160-1600 3p F F
MCCB.ACC HIGH TER COVER (125A AND BELOW),1SDA066185R1,HTC A1 4p TERMINAL COVERS HIGH 2pcs 
MCCB.ACC AUX SW (100A AND BELOW),1SDA066431R1,AUX-C 1Q+1SY 250Vac/dc XT1...XT6 F/P
MCCB SHUNT TRIP (125A),1SDA066325R1,SOR-C XT1..XT4 F/P 220-240Vac-220-250Vdc
MCCB SHUNT TRIP,1SDA104934R1,YO-C XT5-XT6 F/P 110..240Vac-110..250Vdc
MCCB extended rotary handle ,1SDA069055R1,RHE XT2-XT4 F/P STAND. RETURNED 
MCCB extended rotary handle,1SDA066479R1,RHE XT1-XT3 F/P STAND. RETURNED 
MCCB Auxiliary contact ,1SDA066431R1,AUX-C 1Q+1SY 250Vac/dc XT1...XT6 F/P
MCCB Alarm contact ,1SDA066431R1,AUX-C 1Q+1SY 250Vac/dc XT1...XT6 F/P
MCCB PADLOCK,1SDA066589R1,PLL XT1-XT3 PADLOCKS DEVICE OPEN
MCCB Auxiliary contact ,1SDA066431R1,AUX-C 1Q+1SY 250Vac/dc XT1...XT6 F/P
MCCB Alarm contact ,1SDA066431R1,AUX-C 1Q+1SY 250Vac/dc XT1...XT6 F/P
MCB 6KA 3P B40A,2CDS213001R0405,"SH203-B40 MiniCircuitBreaker B-Char.,6k"
MCB 6KA 1P B20A,2CDS211001R0205,"SH201-B20 MiniCircuitBreaker B-Char.,6k"
MCB 6KA 1P B10A,2CDS211001R0105,"SH201-B10 MiniCircuitBreaker B-Char.,6k"
MCB 10KA 4P C63A,2CDS274001R0634,S204M-C63 4Pole 63A C-curve MCB Icn 10kA Icu 15kA 
MCB 10KA 4P C40A,2CDS274001R0404,S204M-C40
MCB 10KA 4P C32A,2CDS274001R0324,S204M-C32 4Pole 32A C-curve MCB Icn 10kA Icu 15kA 
MCB 10KA 4P C20A,2CDS274001R0324,S204M-C32 4Pole 32A C-curve MCB Icn 10kA Icu 15kA 
MCB 10KA 3P C63A,2CDS273001R0634,S203M-C63
MCB 10KA 3P C40A,2CDS273001R0404,S203M-C40
MCB 10KA 3P C32A,2CDS273001R0324,S203M-C32
MCB 10KA 3P C20A,2CDS273001R0204,S203M-C20
MCB 10KA 3P B63A,2CDS273001R0634,S203M-C63
MCB 10KA 2P C63A,2CDS272001R0634,S202M-C63
MCB 10KA 2P C40A,2CDS272001R0404,"S202M-C40 2 Pole MCB, Type C, 40A, 10KA"
MCB 10KA 2P C32A,2CDS272001R0324,S202M-C32
MCB 10KA 2P C20A,2CDS272001R0204,S202M-C20
MCB 10KA 1P C6A,2CDS271001R0064,S201M-C6
MCB 10KA 1P C63A,2CDS271001R0634,S201M-C63
MCB 10KA 1P C40A,2CDS271001R0404,S201M-C40
MCB 10KA 1P C32A,2CDS271001R0324,S201M-C32
MCB 10KA 1P C20A,2CDS271001R0204,S201M-C20
MCB 10KA 1P C16A,2CDS271001R0164,S201M-C16
MCB 10KA 1P C10A,2CDS271001R0104,S201M-C10
MCB 10KA 1P B20A,2CDS271001R0205,S201M-B20
MCB  10KA 4P C80A,2TAZ190400R0804,SH804-C80
MCB  10KA 4P 100A,2TAZ190400R0824,SH804-C100
MCB ALARM AUXILIARY CONTACT,2CDS200946R0001,S2C-H6-11R Auxiliary contact 1NO/1NC Right Hand Side Mounting
"RCCB 4P, 63A 30MA TRIP RESIDUAL CURRENT CIRCUIT BREAKER ",2CSF204005R1630,"F204 AC-63/0,0363A 4pole RCCB 30mA sensitivity"
"RCCB 4P, 63A 100MA TRIP RESIDUAL CURRENT CIRCUIT BREAKER ",2CSF204005R1630,"F204 AC-63/0,0363A 4pole RCCB 30mA sensitivity"
"RCCB 4P, 40A 30MA TRIP RESIDUAL CURRENT CIRCUIT BREAKER ",2CSF204005R3400,"F204 AC-40/0,340A 4pole RCCB 300mA sensitivity"
"RCCB 2P, 63A 30MA TRIP RESIDUAL CURRENT CIRCUIT BREAKER ",2CSF202005R1630,"F202 AC-63/0,03 "
"RCCB 2P, 40A 30MA TRIP RESIDUAL CURRENT CIRCUIT BREAKER ",2CSF202005R1400,"F202 AC-40/0,03 "
"RCCB 2P, 40A 100MA TRIP RESIDUAL CURRENT CIRCUIT BREAKER ",2CSF202005R1400,"F202 AC-40/0,03 "
"RCCB 2P, 25A 30MA TRIP RESIDUAL CURRENT CIRCUIT BREAKER ",2CSF202005R1250,"F202 AC-25/0,03 "
"RCCB  4P, 80A 100MA TRIP RESIDUAL CURRENT CIRCUIT BREAKER",2CSF204005R2800,"F204 AC-80/0,180A 4pole RCCB 100mA sensitivity"
ISOLATOR 4P 80A,2CDE284001R0080,E204/80R DinRail 4Pole Isolator 80A Red Toggle
ISOLATOR 4P 63A,2CDD284101R0063,SD204/63R
ISOLATOR 4P 40A,2CDD284101R0040,SD204/40R
ISOLATOR 4P 32A,2CDD284101R0040,SD204/40R
ISOLATOR 4P 100A,2CDE284001R0100,E204/100R
ISOLATOR 2P 80A,2CDE282001R0080,E202/80R DinRail 2Pole Isolator 80A Red Toggle
ISOLATOR 2P 63A,2CDD282101R0063,SD202/63R
ISOLATOR 2P 100A,2CDE282001R0100,E202/100R
ISOLATOR 1P 32A (BYPASS SWITCH),2CDD281101R0032,SD201/32R
"CONTACTOR (AC-1) 3P 415V 25A, 4 kW",1SBL137001R1410,Contactor AF09-30-10-14 250-500V AC/DC
SURGE ARRESTER G NU6-II 40KA 4P,2CTB803972R0500,OVR T2 1N 40-275 P TS QS Imax 40kA SinglePhase 1Live1Neutral 1PE connection with EOL alarm contact
ACB 5000A 4P 100KA  LSIG (3s),1SDA073336R1,E6.2H/f 5000 Ekip Touch LSIG 4p WMP 
ACB 3200A 4P 66KA  LSIG (3s),1SDA073136R1,E4.2S 3200 Ekip Touch LSIG 4p WMP 
ACB 3200A 4P 50KA  LSIG (3s),1SDA073126R1,E4.2N 3200 Ekip Touch LSIG 4p WMP 
ACB 2200A 4P 50KA  LSIG (3s),1SDA073046R1,E2.2N 2500 Ekip Touch LSIG 4p WMP 
ACB 2200A 3P 50KA  LSIG (3s),1SDA072416R1,E2.2N 2500 Ekip Touch LSIG 3p WMP 
ACB 1600A 4P 50KA  LSIG (3s),1SDA072976R1,E2.2N 1600 Ekip Touch LSIG 4p WMP 
ACB 1600A 3P 50KA  LSIG (3s),1SDA072346R1,E2.2N 1600 Ekip Touch LSIG 3p WMP 
ACB 1250A 4P 50KA  LSIG (3s),1SDA072936R1,E2.2N 1250 Ekip Touch LSIG 4p WMP 
ACB 1000A 4P 50KA  LSIG (3s),1SDA072906R1,E2.2N 1000 Ekip Touch LSIG 4p WMP 
ACB 1000A 3P 50KA  LSIG (3s),1SDA072276R1,E2.2N 1000 Ekip Touch LSIG 3p WMP 
ACB.ACC SHUNT TRIP COIL (SHT),1SDA073674R1,YO E1.2..E6.2-XT7-XT7M 220-240 VAC/DC 
ACB.ACC PADLOCKS IN OPEN POSITION (PLC),1SDA073805R1,PLC E2.2..E6.2 Padlocks in open D=8mm 
ACB.ACC CURRENT SENSOR FOR NEUTRAL CONDUCTOR OUTSIDE THE CIRCUIT-BREAKER 2000A,1SDA073736R1,EXT CS N E1.2-E2.2-XT7-XT7M 2000A 
ACB.ACC CURRENT SENSOR FOR NEUTRAL CONDUCTOR OUTSIDE THE CIRCUIT-BREAKER 2500A,1SDA073737R1,EXT CS N E2.2 2500A 
ACB.ACC CLOSING COIL (SHT),1SDA073687R1,YC E1.2..E6.2-XT7M 220-240 VAC/DC 
ACB.ACC CASTELL KEY LOCK,1SDA073797R1,KLC-A Key lock open Castell E2.2...E6.2 
MCCB 400A 3P 36KA Ekip Dip LS/I ,1SDA100354R1,XT5N 400 Ekip Dip LS/I In=400 3p F F
MCCB 300A 4P 36KA Ekip Dip LS/I ,1SDA100396R1,XT5N 400 Ekip Dip LS/I In=400 4p F F
MCCB 300A 3P 36KA Ekip Dip LS/I ,1SDA100353R1,XT5N 400 Ekip Dip LS/I In=320 3p F F
MCCB 250A 4P 36KA Ekip Dip LS/I ,1SDA068147R1,XT4N 250 Ekip LS/I In=250A 4p F F 
MCCB 250A 3P 36KA Ekip Dip LS/I ,1SDA068126R1,XT4N 250 Ekip LS/I In=250A 3p F F 
MCCB  80A  4P  36KA,1SDA067423R1,XT1N 160 TMD 80-800 4p F F
MCCB  80A  3P  36KA,1SDA100718R1,XT6N 800 TMA 800-8000 3p F F
MCCB  80A  3P  25KA,1SDA067396R1,XT1C 160 TMD 80-800 3p F F
MCCB  80A  3P  18KA,1SDA066806R1,XT1B 160 TMD 80-800 3p F F
MCCB  800A  4P  36KA Ekip Dip LSIG,1SDA100736R1,XT6N 800 Ekip Dip LSIG In=800 4p F F
MCCB  800A  3P  36KA Ekip Dip LSIG,1SDA100723R1,XT6N 800 Ekip Dip LSIG In=800 3p F F
MCCB  63A  4P  36KA,1SDA067422R1,XT1N 160 TMD 63-630 4p F F
MCCB  63A  3P  36KA,1SDA067414R1,XT1N 160 TMD 63-630 3p F F
MCCB  63A  3P  25KA,1SDA067395R1,XT1C 160 TMD 63-630 3p F F
MCCB  630A  4P  36KA Ekip Dip LS/I,1SDA100389R1,XT5N 630 TMA 630-6300 4p F F InN=100%In 
MCCB  630A  3P  36KA Ekip Dip LS/I,1SDA100347R1,XT5N 630 TMA 630-6300 3p F F
MCCB  500A  4P  36KA Ekip Dip LS/I,1SDA100387R1,XT5N 630 TMA 500-5000 4p F F InN=100%In 
MCCB  500A  3P  36KA Ekip Dip LS/I,1SDA100346R1,XT5N 630 TMA 500-5000 3p F F
MCCB  40A  3P  36KA,1SDA067412R1,XT1N 160 TMD 40-450 3p F F
MCCB  32A  4P  36KA,1SDA067419R1,XT1N 160 TMD 32-450 4p F F
MCCB  32A  3P  36KA,1SDA067411R1,XT1N 160 TMD 32-450 3p F F
MCCB  32A  3P  25KA,1SDA067392R1,XT1C 160 TMD 32-450 3p F F
MCCB  25A  3P  36KA,1SDA080829R1,XT1N 160 TMD 25-450 3p F F
MCCB  25A  3P  25KA,1SDA067391R1,XT1C 160 TMD 25-450 3p F F
MCCB  200A  4P  36KA,1SDA068069R1,XT3N 250 TMD 200-2000 4p F F InN=100%
MCCB  200A  3P  36KA,1SDA068058R1,XT3N 250 TMD 200-2000 3p F F
MCCB  160A  4P  36KA,1SDA067428R1,XT1N 160 TMD 160-1600 4p F F InN=100%
MCCB  160A  3P  36KA,1SDA067418R1,XT1N 160 TMD 160-1600 3p F F
MCCB  1600A  4P  50KA Ekip Dip LSIG,1SDA101125R1,XT7S 1600 Ekip Dip LSIG In=1600A 4p F F 
MCCB  1600A  3P  50KA Ekip Dip LSIG,1SDA100837R1,XT7S 1600 Ekip Dip LSIG In=1600A 3p F F 
MCCB  150A  4P  36KA,1SDA067428R1,XT1N 160 TMD 160-1600 4p F F InN=100%
MCCB  150A  3P  36KA,1SDA067417R1,XT1N 160 TMD 125-1250 3p F F
MCCB  125A  3P  36KA,1SDA067417R1,XT1N 160 TMD 125-1250 3p F F
MCCB  1250A  4P  50KA Ekip Dip LSIG,1SDA101124R1,XT7S 1250 Ekip Dip LSIG In=1250A 4p F F 
MCCB  100A  4P  36KA,1SDA067424R1,XT1N 160 TMD 100-1000 4p F F
MCCB  100A  3P  36KA (SA),1SDA067416R1,XT1N 160 TMD 100-1000 3p F F
MCCB  100A  3P  36KA (FOR SA),1SDA067416R1,XT1N 160 TMD 100-1000 3p F F
MCCB  100A  3P  36KA,1SDA067416R1,XT1N 160 TMD 100-1000 3p F F
MCCB  1000A  4P  50KA Ekip Dip LSIG,1SDA101123R1,XT7S 1000 Ekip Dip LSIG In=1000A 4p F F 
MCCB.ACC WITHDRAWABLE FOR 3P (40A),1SDA068183R1,XT1 P FP 3p EF
MCCB.ACC WITHDRAWABLE FOR 3P (200A),1SDA068187R1,XT2 P FP 3p EF
MCCB.ACC WITHDRAWABLE FOR 3P (100A),1SDA068183R1,XT1 P FP 3p EF
MCCB.ACC SHUNT TRIP (800A),1SDA104934R1,YO-C XT5-XT6 F/P 110..240Vac-110..250Vdc
MCCB.ACC SHUNT TRIP (630A),1SDA104934R1,YO-C XT5-XT6 F/P 110..240Vac-110..250Vdc
MCCB.ACC SHUNT TRIP (320A ~ 400A),1SDA104934R1,YO-C XT5-XT6 F/P 110..240Vac-110..250Vdc
MCCB.ACC SHUNT TRIP (160A ~ 250A),1SDA066325R1,SOR-C XT1..XT4 F/P 220-240Vac-220-250Vdc
MCCB.ACC SHUNT TRIP (1600A),1SDA073675R1,YO E1.2..E6.2-XT7-XT7M 240-250 VAC/DC 
MCCB.ACC SHUNT TRIP (1250A),1SDA073674R1,YO E1.2..E6.2-XT7-XT7M 220-240 VAC/DC 
MCCB.ACC SHUNT TRIP (100A AND BELOW),1SDA066325R1,SOR-C XT1..XT4 F/P 220-240Vac-220-250Vdc
MCCB.ACC SHUNT TRIP (1000A),1SDA073674R1,YO E1.2..E6.2-XT7-XT7M 220-240 VAC/DC 
MCCB.ACC EX-ROT HANDLE (630A ~ 1000A),1SDA104853R1,RHE XT6 F/P STAND. RETURNED 
MCCB.ACC EX-ROT HANDLE (320A  ~ 630A),1SDA104843R1,RHE XT5 F/P STAND. RETURNED 
MCCB.ACC EX-ROT HANDLE (125A ~ 250A),1SDA066479R1,RHE XT1-XT3 F/P STAND. RETURNED 
MCCB.ACC EX-ROT HANDLE (100A AND BELOW),1SDA066479R1,RHE XT1-XT3 F/P STAND. RETURNED 
MCCB.ACC EX-ROT HANDLE (1000A ~ 1600A),1SDA104863R1,RHE XT7 F/W STAND. RETURNED 
MCCB.ACC AUX SW (320A ~ 800A),1SDA066431R1,AUX-C 1Q+1SY 250Vac/dc XT1...XT6 F/P
MCCB.ACC AUX SW (1600A),1SDA066431R1,AUX-C 1Q+1SY 250Vac/dc XT1...XT6 F/P
MCCB.ACC AUX SW (1500A),1SDA066431R1,AUX-C 1Q+1SY 250Vac/dc XT1...XT6 F/P
MCCB.ACC AUX SW (125A ~ 250A),1SDA066431R1,AUX-C 1Q+1SY 250Vac/dc XT1...XT6 F/P
MCCB.ACC AUX SW (1250A),1SDA104786R1,AUX-C 1Q + 1SY L 24V DC XT5 F/P 
MCCB.ACC AUX SW (100A AND BELOW),1SDA066431R1,AUX-C 1Q+1SY 250Vac/dc XT1...XT6 F/P
MCCB.ACC AUX SW (1000A),1SDA073750R1,AUX 4Q 400V E1.2-XT7-XT7M 
MCB.ACC SHUNT TRIP (80A ~ 100A),2CDS200909R0002,S2C-A2 Shunt Trip110VAC?415VAC. 110VDC?250VDC
MCB  C80A  4P  10KA,2TAZ190400R0804,SH804-C80
MCB  B80A  4P  10KA,2TAZ190400R0805,SH804-B80
MCB  B80A  3P  10KA,2TAZ190300R0805,SH803-B80
MCB  B63A  4P  10KA,2CDS274001R0635,S204M-B63
MCB  B63A  3P  10KA,2CDS273001R0635,S203M-B63
MCB  B63A  2P  10KA,2CDS272001R0635,S202M-B63
MCB  B63A  1P  10KA,2CDS271001R0635,S201M-B63
MCB  B40A  4P  10KA,2CDS274001R0405,S204M-B40
MCB  B40A  3P  10KA,2CDS273001R0405,S203M-B40
MCB  B40A  2P  10KA,2CDS272001R0405,S202M-B40
MCB  B40A  1P  10KA,2CDS271001R0405,S201M-B40
MCB  B32A  4P  10KA,2CDS274001R0325,S204M-B32 4Pole 32A B-curve MCB Icn 10kA Icu 15kA 
MCB  B32A  3P  10KA,2CDS273001R0325,S203M-B32
MCB  B32A  2P  10KA,2CDS272001R0325,S202M-B32
MCB  B32A  1P  10KA,2CDS271001R0325,S201M-B32
MCB  B20A  3P  10KA,2CDS273001R0205,S203M-B20
MCB  B20A  2P  10KA,2CDS272001R0205,S202M-B20
MCB  B20A  1P  6KA,2CDS251001R0205,S201-B20
MCB  B20A  1P  10KA,2CDS271001R0205,S201M-B20
MCB  B16A  1P  10KA,2CDS271001R0165,S201M-B16
MCB  B10A  1P  6KA,2CDS251001R0105,S201-B10
MCB  B10A  1P  10KA,2CDS271001R0105,S201M-B10
MCB  B100A  4P  10KA,2TAZ190400R0825,SH804-B100
MCB  B100A  3P  10KA (FOR SA),2TAZ190300R0825,SH803-B100
MCB  B100A  3P  10KA,2TAZ190300R0825,SH803-B100
MCB  B100A  2P  10KA,2TAZ190200R0825,SH802-B100
MCB  B100A  1P  10KA,2TAZ190100R0825,SH801-B100
MCB  B 6A  1P  6KA,2CDS251001R0065,S201-B6
MCB  B 6A  1P  10KA,2CDS271001R0065,S201M-B6
MCB.ACC SHUNT TRIP (63A AND BELOW),2CDS200909R0002,S2C-A2 Shunt Trip110VAC?415VAC. 110VDC?250VDC
RCCB  80A  4P  30MA,2CSF204005R1800,"F204 AC-80/0,0380A 4pole RCCB 30mA sensitivity"
RCCB  80A  4P  300MA,2CSF204005R3800,"F204 AC-80/0,3 80A 4pole RCCB 300mA sensitivity"
RCCB  80A  4P  100MA,2CSF204005R2800,"F204 AC-80/0,180A 4pole RCCB 100mA sensitivity"
RCCB  63A  4P  30MA,2CSF204005R1630,"F204 AC-63/0,0363A 4pole RCCB 30mA sensitivity"
RCCB  63A  4P  300MA,2CSF204005R3630,"F204 AC-63/0,363A 4pole RCCB 300mA sensitivity"
RCCB  63A  4P  100MA,2CSF204005R2630,"F204 AC-63/0,1 63A 4pole RCCB 100mA sensitivity"
RCCB  63A  2P  30MA,2CSF202005R1630,"F202 AC-63/0,03 "
RCCB  63A  2P  100MA,2CSF202005R2630,"F202 AC-63/0,1"
RCCB  40A  4P  30MA,2CSF204005R1400,"F204 AC-40/0,03 "
RCCB  40A  4P  300MA,2CSF204005R3400,"F204 AC-40/0,340A 4pole RCCB 300mA sensitivity"
RCCB  40A  4P  100MA,2CSF204005R2400,"F204 AC-40/0,1 40A 4pole RCCB 100mA sensitivity"
RCCB  40A  2P  30MA,2CSF202005R1400,"F202 AC-40/0,03 "
RCCB  40A  2P  100MA,2CSF202005R2400,"F202 AC-40/0,1"
RCCB  100A  4P  300MA,2CSF204005R3900,"F204 AC-100/0,3100A 4pole RCCB 300mA sensitivity"
RCCB  100A  4P  100MA,2CSF204005R2900,"F204 AC-100/0,1 100A 4pole RCCB 100mA sensitivity"
RCCB  100A  2P  30MA,2CSF202005R1900,"F202 AC-100/0,03"
RCCB  100A  2P  100MA,2CSF202005R2900,"F202 AC-100/0,1 "
LOAD BREAK SWITCH 4P 2500A,1SCA105140R1001,OT2500E04P
LOAD BREAK SWITCH 4P 1600A,1SCA022860R6740,OT1600E04P
LOAD BREAK SWITCH 4P 1250A,1SCA022860R6310,OT1250E04P
ISOLATOR 4P 80A  ,1SCA105418R1001,OT80F4C
ISOLATOR 4P 63A ,2CDD274111R0063,SHD204/63 Switch Disconnector
ISOLATOR 4P 32A ,2CDD274111R0032,SHD204/32 Switch Disconnector
ISOLATOR 4P 100A ,1SCA105019R1001,OT100F4C
ISOLATOR 2P 100A ,1SCA105004R1001,OT100F3
ISOLATOR 2P  63A ,2CDD272111R0063,SHD202/63 Switch Disconnector
ISOLATOR 2P  32A ,2CDD272111R0032,SHD202/32 Switch Disconnector
ISOLATOR 1P  16A ,2CDD271111R0016,SHD201/16 Switch Disconnector
"CONTACTOR MINI TYPE CONTACTOR 4P, 20A",GJL1313201R0005,BC7-40-00-05 Mini Contactor
"CONTACTOR MINI TYPE CONTACTOR 3P, 20A",GJL1313001R0105,BC7-30-10-05 Mini Contactor
SURGE ARRESTER T2 3+N 40KA,2CTB803973R0500,OVR T2 3N 40-275 P TS QS Type 2 T2 OVR Imax 40kA TT 230/400VAC 3Ph+N networks with EOL Alarm contact
SURGE ARRESTER T1+2 3+N  100KA,2CTB812111R2300,OVR T1-T2 3N 100-255 P TS
MCCB 36KA 4P (LSI) 250A,1SDA068157R1,XT4N 250 Ekip LSI In=250A 4p F F
ACB 800A  (3s) 65KA 4P,1SDA072894R1,E2.2H 800 Ekip Touch LI 4p WMP
